City_ID,City,Country,Date,Lat,Lon,Max Temp,HUmidity,Cloudiness,Wind Speed
0,Provideniya,RU,2021-04-21 15:02:07,64.3833,-173.3,30.69,42,100,3.47
1,Ilulissat,GL,2021-04-21 15:02:08,69.2167,-51.1,21.2,58,1,6.91
2,Mataura,NZ,2021-04-21 15:02:08,-46.1927,168.8643,48.0,97,100,4.0
3,Kapaa,US,2021-04-21 15:02:09,22.0752,-159.319,68.0,88,90,4.61
4,Nouadhibou,MR,2021-04-21 15:02:09,20.931,-17.0347,75.2,60,4,18.41
5,Vaini,TO,2021-04-21 15:02:10,-21.2,-175.2,71.6,100,20,2.3
6,Upernavik,GL,2021-04-21 15:02:10,72.7868,-56.1549,15.64,69,66,5.19
7,Hasaki,JP,2021-04-21 15:02:11,35.7333,140.8333,55.4,71,0,4.61
8,Nikolskoye,RU,2021-04-21 15:02:11,59.7035,30.7861,37.4,87,75,6.71
9,Rikitea,PF,2021-04-21 15:02:12,-23.1203,-134.9692,77.56,73,71,7.76
10,Hobart,AU,2021-04-21 14:59:54,-42.8794,147.3294,53.01,62,97,14.97
11,Norman Wells,CA,2021-04-21 15:02:12,65.282,-126.8329,15.8,79,20,11.5
12,Shushtar,IR,2021-04-21 15:02:13,32.0455,48.8567,99.57,10,99,7.25
13,Ushuaia,AR,2021-04-21 15:01:39,-54.8,-68.3,50.0,46,40,8.05
14,Cherskiy,RU,2021-04-21 15:02:13,68.75,161.3,27.34,69,25,15.17
15,Talnakh,RU,2021-04-21 15:02:14,69.4865,88.3972,9.99,91,100,6.96
16,Hermanus,ZA,2021-04-21 15:02:14,-34.4187,19.2345,70.0,76,58,5.01
17,Barrow,US,2021-04-21 15:02:15,71.2906,-156.7887,14.0,85,1,6.91
18,Leh,IN,2021-04-21 15:02:15,34.1667,77.5833,33.6,89,100,6.58
19,Henties Bay,NA,2021-04-21 15:02:15,-22.116,14.2845,72.0,76,68,7.0
20,Bambous Virieux,MU,2021-04-21 15:02:16,-20.3428,57.7575,77.0,94,75,6.91
21,Port Shepstone,ZA,2021-04-21 15:02:16,-30.7414,30.455,73.67,76,12,15.05
22,Bredasdorp,ZA,2021-04-21 15:02:17,-34.5322,20.0403,66.2,77,55,10.36
23,Leirvik,NO,2021-04-21 15:02:17,59.7798,5.5005,43.0,87,75,23.02
24,Sept-Iles,CA,2021-04-21 15:02:18,50.2001,-66.3821,44.01,75,75,16.11
25,Chernyshevskiy,RU,2021-04-21 15:02:18,63.0128,112.4714,0.05,94,23,4.03
26,San Andres,CO,2021-04-21 15:00:12,12.5847,-81.7006,84.2,70,20,18.41
27,Saldanha,ZA,2021-04-21 15:02:19,-33.0117,17.9442,75.2,46,15,8.05
28,Kahului,US,2021-04-21 15:02:19,20.8947,-156.47,68.0,100,1,6.91
29,Sangar,RU,2021-04-21 15:02:20,63.9242,127.4739,-1.19,98,100,2.46
30,Atuona,PF,2021-04-21 15:02:20,-9.8,-139.0333,79.77,76,11,20.29
31,Hilo,US,2021-04-21 14:59:28,19.7297,-155.09,71.6,83,90,7.11
32,Arraial Do Cabo,BR,2021-04-21 15:02:20,-22.9661,-42.0278,69.8,94,75,11.5
33,Isangel,VU,2021-04-21 15:02:21,-19.55,169.2667,77.9,86,93,7.99
34,Bluff,NZ,2021-04-21 15:02:21,-46.6,168.3333,48.0,97,100,4.0
35,Bengkulu,ID,2021-04-21 15:02:22,-3.8004,102.2655,76.89,88,97,3.76
36,Tabou,CI,2021-04-21 15:02:22,4.423,-7.3528,85.71,71,96,9.44
37,Punta Arenas,CL,2021-04-21 15:02:23,-53.15,-70.9167,35.6,75,0,3.44
38,Cape Town,ZA,2021-04-21 14:58:01,-33.9258,18.4232,71.01,68,0,10.36
39,Sitka,US,2021-04-21 15:02:23,57.0531,-135.33,42.8,70,75,9.22
40,Georgetown,MY,2021-04-21 15:00:16,5.4112,100.3354,86.0,74,20,4.61
41,Touros,BR,2021-04-21 15:02:24,-5.1989,-35.4608,87.8,51,40,9.22
42,Alta Floresta,BR,2021-04-21 15:02:25,-9.8756,-56.0861,86.0,70,40,6.91
43,Goderich,CA,2021-04-21 15:02:25,43.7501,-81.7165,30.2,80,94,5.75
44,Necochea,AR,2021-04-21 15:02:11,-38.5473,-58.7368,73.0,67,58,24.0
45,Austin,US,2021-04-21 14:58:48,30.2672,-97.7431,48.99,46,90,5.75
46,Yellowknife,CA,2021-04-21 15:00:09,62.456,-114.3525,24.8,80,90,18.41
47,Namibe,AO,2021-04-21 15:02:26,-15.1961,12.1522,85.6,67,5,14.56
48,Pevek,RU,2021-04-21 15:02:26,69.7008,170.3133,22.14,67,91,19.86
49,Araouane,ML,2021-04-21 15:02:27,18.9048,-3.5265,102.92,5,100,12.62
50,Tomatlan,MX,2021-04-21 15:02:27,19.9333,-105.25,80.19,36,14,0.49
51,Luderitz,NA,2021-04-21 15:02:28,-26.6481,15.1594,72.91,60,100,16.67
52,Cabo San Lucas,MX,2021-04-21 15:00:06,22.8909,-109.9124,77.0,29,1,5.75
53,Urubicha,BO,2021-04-21 15:02:28,-15.3833,-62.95,86.95,53,10,4.9
54,Sorkjosen,NO,2021-04-21 15:02:29,69.8,20.9333,39.2,81,75,12.66
55,Havre,FR,2021-04-21 15:02:29,49.5833,0.3333,57.2,72,100,14.97
56,Moose Factory,CA,2021-04-21 15:02:29,51.2585,-80.6094,15.8,67,90,8.05
57,Tupik,RU,2021-04-21 15:02:30,54.4253,119.9327,28.63,97,100,3.96
58,Avarua,CK,2021-04-21 15:02:30,-21.2078,-159.775,77.0,83,20,12.66
59,Santa Maria,BR,2021-04-21 15:02:31,-29.6842,-53.8069,75.2,64,0,10.36
60,Brus,RS,2021-04-21 15:02:31,43.3836,21.0336,64.4,45,40,2.3
61,Whyalla,AU,2021-04-21 15:02:16,-33.0333,137.5833,57.2,72,90,6.91
62,East London,ZA,2021-04-21 15:02:32,-33.0153,27.9116,71.6,73,0,8.05
63,Port Alfred,ZA,2021-04-21 15:02:32,-33.5906,26.891,73.18,76,100,14.03
64,Busselton,AU,2021-04-21 15:02:33,-33.65,115.3333,57.0,92,53,1.01
65,Albany,US,2021-04-21 15:02:33,42.6001,-73.9662,48.0,68,100,3.31
66,Codrington,AU,2021-04-21 15:02:33,-38.2667,141.9667,50.52,86,74,11.86
67,Rajampet,IN,2021-04-21 15:02:34,14.1833,79.1667,91.31,44,95,6.49
68,Praxedis Guerrero,MX,2021-04-21 15:02:34,31.3667,-106.0167,48.0,46,20,18.41
69,Nayoro,JP,2021-04-21 15:02:35,44.3506,142.4578,34.74,98,100,4.29
70,Sumbe,AO,2021-04-21 15:02:35,-11.2061,13.8437,89.6,70,20,6.91
71,Dingle,PH,2021-04-21 15:02:35,10.9995,122.6711,79.23,79,100,8.63
72,Carnarvon,AU,2021-04-21 15:02:36,-24.8667,113.6333,73.4,68,97,10.36
73,Mehamn,NO,2021-04-21 15:02:36,71.0357,27.8492,44.6,57,0,18.41
74,Cove,BJ,2021-04-21 15:02:37,7.221,2.3402,99.28,34,100,9.06
75,Naze,JP,2021-04-21 15:02:37,28.3667,129.4833,65.25,70,16,16.82
76,Guerrero Negro,MX,2021-04-21 15:02:38,27.9769,-114.0611,59.5,73,51,11.1
77,Adrar,MR,2021-04-21 15:02:38,20.5022,-10.0711,98.89,5,89,10.85
78,Grindavik,IS,2021-04-21 15:02:38,63.8424,-22.4338,44.6,70,75,18.41
79,Launceston,AU,2021-04-21 14:59:32,-41.45,147.1667,48.99,93,40,8.05
80,Los Llanos De Aridane,ES,2021-04-21 15:02:39,28.6585,-17.9182,73.4,60,75,6.91
81,Torbay,CA,2021-04-21 15:02:40,47.6666,-52.7314,44.01,75,90,14.97
82,Tongchuan,CN,2021-04-21 15:02:40,35.0806,109.0897,52.0,92,61,3.42
83,Tuy Hoa,VN,2021-04-21 15:01:18,13.0833,109.3,77.97,89,98,2.01
84,Saint-Philippe,RE,2021-04-21 15:02:41,-21.3585,55.7679,77.0,83,75,13.8
85,Yarmouth,US,2021-04-21 14:59:09,41.7057,-70.2286,62.01,72,40,12.66
86,Kodiak,US,2021-04-21 15:02:42,57.79,-152.4072,39.2,87,90,18.41
87,Sarkand,KZ,2021-04-21 15:02:42,45.41,79.9186,31.86,91,100,1.7
88,Zuwarah,LY,2021-04-21 15:02:42,32.9312,12.082,74.73,48,64,20.18
89,Yumen,CN,2021-04-21 15:02:43,40.2833,97.2,65.14,13,61,10.33
90,Hithadhoo,MV,2021-04-21 15:02:43,-0.6,73.0833,83.39,64,67,4.72
91,Liku,ID,2021-04-21 15:02:44,-0.7275,119.8922,75.7,91,9,1.39
92,Ancud,CL,2021-04-21 15:02:44,-41.8697,-73.8203,55.99,87,75,8.05
93,Castro,BR,2021-04-21 15:02:44,-24.7911,-50.0119,67.78,57,26,6.46
94,Pangai,TO,2021-04-21 15:02:45,-19.8,-174.35,80.38,78,1,10.02
95,Kruisfontein,ZA,2021-04-21 15:02:45,-34.0033,24.7314,66.99,85,93,3.0
96,Bayir,TR,2021-04-21 15:02:46,37.2687,28.2167,69.8,45,0,20.71
97,Bethel,US,2021-04-21 15:02:46,41.3712,-73.414,64.4,52,20,10.36
98,Tuktoyaktuk,CA,2021-04-21 15:02:47,69.4541,-133.0374,10.4,85,90,23.02
99,Qaanaaq,GL,2021-04-21 15:02:47,77.484,-69.3632,10.31,73,100,9.57
100,Emerald,AU,2021-04-21 15:02:47,-23.5333,148.1667,77.0,69,75,4.61
101,Tiksi,RU,2021-04-21 15:02:48,71.6872,128.8694,12.42,91,99,13.94
102,Leningradskiy,RU,2021-04-21 15:02:48,69.3833,178.4167,20.26,60,22,8.05
103,Unnao,IN,2021-04-21 15:02:49,26.5333,80.5,84.2,51,40,5.17
104,Clyde River,CA,2021-04-21 15:02:49,70.4692,-68.5914,12.2,85,90,11.5
105,Puerto Ayora,EC,2021-04-21 15:02:50,-0.7393,-90.3518,77.0,88,75,6.91
106,Kaitangata,NZ,2021-04-21 15:02:50,-46.2817,169.8464,54.0,84,100,5.01
107,Inirida,CO,2021-04-21 15:02:51,3.8653,-67.9239,87.19,59,50,3.02
108,Mumford,GH,2021-04-21 15:02:51,5.2618,-0.759,85.62,71,100,15.37
109,Taft,IR,2021-04-21 15:02:51,31.7471,54.2088,87.8,11,75,6.91
110,Nanortalik,GL,2021-04-21 15:02:52,60.1432,-45.2371,39.31,71,100,4.36
111,Am Timan,TD,2021-04-21 15:02:52,11.0297,20.2827,105.12,11,22,2.82
112,Jamestown,US,2021-04-21 15:02:53,42.097,-79.2353,30.99,86,90,5.75
113,Hay River,CA,2021-04-21 15:02:53,60.8156,-115.7999,32.0,80,100,12.66
114,Chokurdakh,RU,2021-04-21 15:02:53,70.6333,147.9167,18.19,95,100,10.13
115,Butaritari,KI,2021-04-21 15:02:54,3.0707,172.7902,82.6,74,94,19.08
116,Lompoc,US,2021-04-21 15:00:55,34.6391,-120.4579,50.0,93,100,8.05
117,Alto Araguaia,BR,2021-04-21 15:02:54,-17.3147,-53.2153,80.08,42,0,7.02
118,Matagami,CA,2021-04-21 15:02:34,49.7502,-77.6328,15.8,86,90,9.22
119,Petropavlovsk-Kamchatskiy,RU,2021-04-21 15:00:22,53.0452,158.6483,37.4,81,75,6.71
120,Longyearbyen,SJ,2021-04-21 15:01:35,78.2186,15.6401,23.0,68,20,5.75
121,Saint-Francois,FR,2021-04-21 15:02:56,46.4154,3.9054,60.8,51,40,11.5
122,Grand Gaube,MU,2021-04-21 15:02:56,-20.0064,57.6608,77.0,84,99,4.0
123,Ascension,US,2021-04-21 15:02:56,30.2169,-90.9001,55.4,54,1,11.5
124,Beringovskiy,RU,2021-04-21 15:02:57,63.05,179.3167,12.92,90,72,3.15
125,Changping,CN,2021-04-21 15:02:57,40.2186,116.2197,63.0,55,0,6.71
126,Tual,ID,2021-04-21 15:02:58,-5.6667,132.75,83.62,71,100,5.97
127,Souillac,MU,2021-04-21 15:02:58,-20.5167,57.5167,75.2,94,75,6.91
128,Hambantota,LK,2021-04-21 15:02:58,6.1241,81.1185,80.78,79,66,13.27
129,Nyrob,RU,2021-04-21 15:02:59,60.733,56.7202,42.4,84,40,4.52
130,Norsup,VU,2021-04-21 15:02:59,-16.0667,167.3833,80.98,81,44,7.18
131,Calama,CL,2021-04-21 15:03:00,-22.4667,-68.9333,62.6,13,0,18.41
132,Kargasok,RU,2021-04-21 15:03:00,59.0556,80.8572,19.08,85,39,5.84
133,Bud,US,2021-04-21 15:03:01,39.447,-86.1758,36.0,93,75,8.05
134,Nkhotakota,MW,2021-04-21 15:03:01,-12.9274,34.2961,74.91,74,92,12.24
135,Vila Franca Do Campo,PT,2021-04-21 15:03:01,37.7167,-25.4333,64.4,88,20,13.8
136,Laguna,US,2021-04-21 15:03:02,38.421,-121.4238,54.0,87,1,3.44
137,Lavrentiya,RU,2021-04-21 15:03:03,65.5833,-171.0,17.35,58,87,5.21
138,Devaprayag,IN,2021-04-21 15:03:03,30.15,78.6167,61.61,85,59,6.62
139,Ericeira,PT,2021-04-21 15:03:04,38.9627,-9.4156,62.01,94,75,11.5
140,Vestmanna,FO,2021-04-21 15:03:04,62.1564,-7.1664,44.6,76,75,18.41
141,Severo-Kurilsk,RU,2021-04-21 15:03:05,50.6789,156.125,35.22,91,100,17.22
142,Lyskovo,RU,2021-04-21 15:03:05,56.0328,45.0422,43.29,85,100,18.61
143,Linqing,CN,2021-04-21 15:03:06,36.8456,115.7117,53.74,79,100,0.89
144,Sepolno Krajenskie,PL,2021-04-21 15:03:06,53.452,17.5317,61.0,45,96,13.22
145,Port Elizabeth,ZA,2021-04-21 15:03:06,-33.918,25.5701,68.0,88,20,8.05
146,Cidreira,BR,2021-04-21 15:03:07,-30.1811,-50.2056,71.53,70,84,18.5
147,Gravdal,NO,2021-04-21 15:03:07,68.1214,13.5031,37.4,60,40,14.97
148,Chihuahua,MX,2021-04-21 14:59:29,28.5,-106.0,57.2,26,20,4.61
149,Gold Coast,AU,2021-04-21 15:02:29,-28.0,153.4333,64.99,72,0,9.22
150,Abu Samrah,SY,2021-04-21 15:03:08,35.3029,37.1841,75.02,20,48,14.32
151,Yulara,AU,2021-04-21 15:03:09,-25.2406,130.9889,60.8,36,0,6.91
152,Chuy,UY,2021-04-21 15:03:09,-33.6971,-53.4616,72.93,59,11,16.73
153,Saint-Augustin,CA,2021-04-21 15:03:10,51.226,-58.6502,36.77,95,100,8.37
154,Padang,ID,2021-04-21 15:01:10,-0.9492,100.3543,77.0,94,75,8.05
155,Loa Janan,ID,2021-04-21 15:03:10,-0.583,117.095,74.84,90,43,2.66
156,Najran,SA,2021-04-21 15:03:11,17.4924,44.1277,89.6,17,0,8.05
157,Victoria,HK,2021-04-21 15:00:05,22.2855,114.1577,75.99,71,0,9.31
158,Wembley,AU,2021-04-21 15:03:11,-31.9333,115.8,63.0,67,0,3.44
159,Mbandaka,CD,2021-04-21 15:03:12,0.0487,18.2603,80.42,73,95,2.15
160,Kumano,JP,2021-04-21 15:03:12,34.3442,132.5894,59.0,67,40,4.61
161,Svetlyy,RU,2021-04-21 14:59:13,54.675,20.1347,57.2,41,0,11.18
162,Prince Rupert,CA,2021-04-21 15:03:13,54.3161,-130.3201,46.4,93,1,2.3
163,Alofi,NU,2021-04-21 15:03:13,-19.0595,-169.9187,77.0,94,69,3.44
164,Puerto Escondido,MX,2021-04-21 15:03:14,15.85,-97.0667,78.8,94,40,6.91
165,Harper,LR,2021-04-21 15:03:14,4.375,-7.7169,85.91,69,99,8.48
166,Fukue,JP,2021-04-21 15:03:15,32.6881,128.8419,64.15,60,76,1.21
167,Nova Floresta,BR,2021-04-21 15:03:15,-6.4553,-36.2033,82.17,53,82,4.27
168,Concepcion Del Uruguay,AR,2021-04-21 15:03:15,-32.4825,-58.2372,75.99,63,0,5.01
169,Bonavista,CA,2021-04-21 15:03:16,48.6499,-53.1147,42.8,75,91,5.75
170,Nedjo,ET,2021-04-21 15:03:16,9.5046,35.5019,78.84,30,47,5.06
171,Camacha,PT,2021-04-21 15:03:17,33.0833,-16.3333,68.0,68,20,11.5
172,Baghdad,IQ,2021-04-21 15:03:07,33.3406,44.4009,102.2,17,0,11.5
173,Poum,NC,2021-04-21 15:03:17,-20.2333,164.0167,77.54,80,12,5.19
174,Pisco,PE,2021-04-21 15:03:18,-13.7,-76.2167,69.8,78,5,5.75
175,Kavaratti,IN,2021-04-21 15:03:18,10.5669,72.642,84.56,70,69,8.88
176,Tongliao,CN,2021-04-21 15:03:19,43.6125,122.2653,62.82,24,100,16.67
177,Tevaitoa,PF,2021-04-21 15:03:19,-16.7833,-151.5,82.08,71,38,13.78
178,Tautira,PF,2021-04-21 15:03:19,-17.7333,-149.15,73.4,88,20,3.44
179,Ribeira Grande,PT,2021-04-21 15:03:20,38.5167,-28.7,62.6,94,75,19.57
180,Khatanga,RU,2021-04-21 15:03:20,71.9667,102.5,7.99,93,100,10.6
181,Porto Novo,BJ,2021-04-21 14:58:58,6.4965,2.6036,89.6,70,20,12.66
182,Chumikan,RU,2021-04-21 15:03:21,54.7183,135.315,26.47,88,92,5.82
183,Mar Del Plata,AR,2021-04-21 14:59:12,-38.0023,-57.5575,71.6,68,20,23.02
184,Safford,US,2021-04-21 15:03:21,32.834,-109.7076,69.8,11,1,14.97
185,San Jeronimo,PE,2021-04-21 15:03:22,-11.9472,-75.2829,58.23,55,4,2.84
186,Arman,RU,2021-04-21 15:03:22,59.7,150.1667,30.51,98,100,4.21
187,Saint George,US,2021-04-21 14:58:46,37.1041,-113.5841,66.0,15,1,12.66
188,Lebu,CL,2021-04-21 15:03:23,-37.6167,-73.65,55.51,86,87,13.65
189,Bolshaya Sosnova,RU,2021-04-21 15:03:23,57.6713,54.6029,48.38,45,100,11.14
190,Staryy Nadym,RU,2021-04-21 15:03:24,65.6118,72.6842,30.65,94,100,13.04
191,Staroye Drozhzhanoye,RU,2021-04-21 15:03:24,54.7266,47.5677,36.95,88,100,20.85
192,Te Anau,NZ,2021-04-21 15:03:24,-45.4167,167.7167,48.31,94,89,0.92
193,Urengoy,RU,2021-04-21 15:03:25,65.9667,78.3667,20.68,91,98,8.9
194,Alikovo,RU,2021-04-21 15:03:25,55.7383,46.7549,35.6,93,75,22.37
195,Bubaque,GW,2021-04-21 15:03:26,11.2833,-15.8333,78.58,66,84,12.62
196,Jieshi,CN,2021-04-21 15:03:26,22.8134,115.8257,71.58,76,0,12.8
197,Neuquen,AR,2021-04-21 15:02:53,-38.9516,-68.0591,59.0,88,75,7.47
198,Ostrovnoy,RU,2021-04-21 15:03:27,68.0531,39.5131,38.19,76,68,10.33
199,New Norfolk,AU,2021-04-21 15:03:27,-42.7826,147.0587,53.01,70,100,7.0
200,Buala,SB,2021-04-21 15:03:28,-8.145,159.5921,79.68,82,82,1.59
201,Japura,ID,2021-04-21 15:01:16,-0.3167,102.35,77.04,91,94,2.62
202,Kismayo,SO,2021-04-21 14:59:03,-0.3582,42.5454,83.16,74,87,14.94
203,Narsaq,GL,2021-04-21 15:03:29,60.9167,-46.05,53.6,24,75,23.02
204,Vuktyl,RU,2021-04-21 15:03:29,63.8567,57.3094,40.12,87,60,5.21
205,Jinchang,CN,2021-04-21 15:03:30,38.4953,102.1739,60.58,24,0,7.29
206,Nizhnyaya Omka,RU,2021-04-21 15:03:30,55.4338,74.9426,30.02,68,66,11.79
207,Apt,FR,2021-04-21 15:03:30,43.8833,5.4,60.8,63,0,3.44
208,Cayenne,GF,2021-04-21 15:03:31,4.9333,-52.3333,86.0,66,75,11.5
209,Atasu,KZ,2021-04-21 15:03:31,48.6814,71.6433,39.34,50,7,6.91
210,Belmopan,BZ,2021-04-21 15:03:31,17.25,-88.7667,84.99,83,75,3.98
211,Omama,JP,2021-04-21 15:03:32,36.4333,139.2833,50.0,32,0,1.99
212,Balakhta,RU,2021-04-21 15:03:32,55.38,91.6,21.52,90,100,4.61
213,Sobolevo,RU,2021-04-21 15:03:33,54.4299,31.8996,48.67,61,84,9.4
214,Medina,SA,2021-04-21 15:03:15,24.4686,39.6142,100.4,5,20,9.22
215,Galion,US,2021-04-21 15:03:33,40.7337,-82.7899,35.01,84,96,11.77
216,Husavik,IS,2021-04-21 15:03:34,66.0449,-17.3389,46.4,53,75,17.27
217,Sistranda,NO,2021-04-21 15:03:34,63.7256,8.834,41.0,65,75,18.41
218,Kautokeino,NO,2021-04-21 15:03:35,69.0125,23.0412,34.16,100,100,6.62
219,Isiro,CD,2021-04-21 15:03:35,2.7739,27.616,79.68,62,99,4.88
220,Ormara,PK,2021-04-21 15:03:35,25.2088,64.6357,81.7,80,0,11.68
221,Radcliff,US,2021-04-21 15:03:36,37.8404,-85.9491,37.99,87,75,5.75
222,Timucuy,MX,2021-04-21 15:03:36,20.8167,-89.5167,86.0,65,75,1.61
223,Saskylakh,RU,2021-04-21 15:03:37,71.9167,114.0833,-5.58,99,87,4.34
224,Sola,VU,2021-04-21 15:03:37,-13.8833,167.55,82.38,76,69,11.7
225,Casper,US,2021-04-21 15:00:28,42.8666,-106.3131,28.0,86,1,3.44
226,Fortuna,US,2021-04-21 15:03:38,40.5982,-124.1573,48.99,100,90,3.44
227,Salta,AR,2021-04-21 15:03:38,-24.7859,-65.4117,71.01,73,40,3.44
228,Riviere-Au-Renard,CA,2021-04-21 15:03:39,48.9957,-64.3971,48.2,46,40,10.36
229,Ejura,GH,2021-04-21 15:03:40,7.3856,-1.3562,95.67,39,100,3.74
230,Komsomolskiy,UZ,2021-04-21 15:03:40,40.4272,71.7189,59.0,36,75,18.41
231,Klaksvik,FO,2021-04-21 15:03:40,62.2266,-6.589,44.6,76,75,18.41
232,Banda Aceh,ID,2021-04-21 15:02:25,5.5577,95.3222,81.7,78,95,7.47
233,Avera,US,2021-04-21 15:03:41,33.194,-82.5271,71.01,40,1,13.8
234,Saint-Pierre,RE,2021-04-21 15:03:41,-21.3393,55.4781,77.0,83,75,13.8
235,Vila Velha,BR,2021-04-21 15:03:42,-20.3297,-40.2925,82.99,54,0,10.36
236,Kaoma,ZM,2021-04-21 15:03:42,-14.7833,24.8,78.75,38,0,6.08
237,Inta,RU,2021-04-21 15:03:43,66.0317,60.1659,37.09,93,92,8.97
238,Belaya Gora,RU,2021-04-21 15:03:43,68.5333,146.4167,20.48,95,100,13.47
239,Robertson,US,2021-04-21 15:03:43,36.5167,-86.8667,43.0,70,20,6.91
240,Plouzane,FR,2021-04-21 15:03:44,48.3833,-4.6167,62.6,51,76,16.11
241,Papara,BR,2021-04-21 15:03:44,-3.9839,-38.7273,87.8,62,20,6.91
242,Ahipara,NZ,2021-04-21 15:03:45,-35.1667,173.1667,60.96,79,100,8.16
243,Farrukhnagar,IN,2021-04-21 15:03:45,17.0778,78.2011,86.0,65,75,4.61
244,Constitucion,CL,2021-04-21 15:03:45,-35.3333,-72.4167,59.11,90,100,27.96
245,Airai,TL,2021-04-21 15:03:46,-8.9266,125.4092,59.63,94,96,2.08
246,Surskoye,RU,2021-04-21 15:03:46,54.4821,46.7214,39.54,88,100,17.96
247,Kulhudhuffushi,MV,2021-04-21 15:03:47,6.6221,73.07,84.56,67,92,7.25
248,Ponta Do Sol,PT,2021-04-21 15:03:47,32.6667,-17.1,71.01,64,20,10.36
249,Mbanza-Ngungu,CD,2021-04-21 15:03:48,-5.25,14.8667,80.71,75,98,2.01
250,Gauribidanur,IN,2021-04-21 15:03:48,13.6111,77.5167,87.01,57,40,2.3
251,Tessalit,ML,2021-04-21 15:03:49,20.1986,1.0114,98.6,3,25,15.86
252,Pochutla,MX,2021-04-21 15:03:50,15.7432,-96.4661,86.0,61,90,3.85
253,Coquimbo,CL,2021-04-21 15:03:50,-29.9533,-71.3436,66.2,59,0,5.75
254,Lagunas,PE,2021-04-21 15:03:50,-5.2269,-75.6753,72.79,93,98,3.58
255,Tateyama,JP,2021-04-21 15:03:51,34.9833,139.8667,62.6,22,0,11.5
256,Trinidad,BO,2021-04-21 15:03:51,-14.8333,-64.9,81.9,79,23,5.5
257,Tasiilaq,GL,2021-04-21 15:03:52,65.6145,-37.6368,28.4,64,20,4.61
258,Graaff-Reinet,ZA,2021-04-21 15:03:52,-32.2522,24.5308,80.01,49,100,4.0
259,Erdenet,MN,2021-04-21 15:03:52,49.0333,104.0833,29.43,53,86,4.54
260,Axim,GH,2021-04-21 15:03:53,4.8699,-2.2405,87.22,63,83,11.27
261,Ranau,MY,2021-04-21 15:03:53,5.9538,116.6641,80.6,83,20,4.61
262,Kimbe,PG,2021-04-21 15:03:54,-5.5502,150.1429,77.61,89,100,2.17
263,Thompson,CA,2021-04-21 15:03:54,55.7435,-97.8558,30.2,69,1,3.44
264,Pitimbu,BR,2021-04-21 15:03:54,-7.4706,-34.8086,86.0,70,40,9.22
265,Leshukonskoye,RU,2021-04-21 15:03:55,64.8989,45.7622,51.21,40,100,11.74
266,Belen,TR,2021-04-21 15:03:55,36.4891,36.2233,71.6,53,40,12.66
267,Hobyo,SO,2021-04-21 15:03:56,5.3505,48.5268,85.24,66,85,11.21
268,Mahebourg,MU,2021-04-21 15:03:57,-20.4081,57.7,75.2,94,75,6.91
269,Usinsk,RU,2021-04-21 15:03:57,65.9939,57.5281,38.14,89,100,9.06
270,Dakar,SN,2021-04-21 15:01:12,14.6937,-17.4441,73.4,78,20,13.8
271,Nevinnomyssk,RU,2021-04-21 15:03:58,44.6267,41.9453,55.4,62,20,4.47
272,El Sauzal,MX,2021-04-21 15:03:58,31.9,-116.6833,57.99,73,90,5.01
273,Coahuayana,MX,2021-04-21 15:03:58,18.7333,-103.6833,78.8,24,1,0.78
274,Kavieng,PG,2021-04-21 15:03:59,-2.5744,150.7967,82.15,77,97,5.37
275,Saint Anthony,US,2021-04-21 15:03:30,45.0205,-93.218,37.0,44,40,6.91
276,Urumqi,CN,2021-04-21 15:03:59,43.801,87.6005,53.6,43,20,15.66
277,Dhemaji,IN,2021-04-21 15:04:00,27.4833,94.5833,80.6,78,40,5.99
278,Guarapari,BR,2021-04-21 15:04:00,-20.6667,-40.4975,82.99,54,0,10.36
279,Nemuro,JP,2021-04-21 15:04:01,43.3236,145.575,33.78,80,66,25.5
280,Sohag,EG,2021-04-21 15:04:01,26.557,31.6948,95.0,20,0,17.27
281,Sindor,RU,2021-04-21 15:04:01,62.8629,51.8905,51.33,40,77,9.75
282,Mikun,RU,2021-04-21 15:04:02,62.3547,50.0771,50.97,36,100,11.45
283,Hami,CN,2021-04-21 15:04:02,42.8,93.45,73.36,13,84,5.86
284,Pasni,PK,2021-04-21 15:02:09,25.2631,63.471,82.51,71,0,13.4
285,Katsuura,JP,2021-04-21 15:04:03,35.1333,140.3,62.6,22,0,11.5
286,Kunnamangalam,IN,2021-04-21 15:04:03,11.3046,75.8777,82.4,83,40,5.61
287,Bilopillya,UA,2021-04-21 15:04:04,51.1502,34.3129,42.21,89,100,5.23
288,Pangnirtung,CA,2021-04-21 15:04:04,66.1451,-65.7125,28.4,64,90,27.63
289,Balsas,BR,2021-04-21 15:00:30,-7.5325,-46.0356,83.95,64,60,5.41
290,Rampur Hat,IN,2021-04-21 15:04:05,24.1667,87.7833,89.83,38,98,4.18
291,Richards Bay,ZA,2021-04-21 15:04:05,-28.783,32.0377,74.52,74,10,10.45
292,Nishihara,JP,2021-04-21 15:04:05,26.1842,127.7558,69.8,83,90,19.57
293,Celestun,MX,2021-04-21 15:04:06,20.8667,-90.4,82.26,70,12,5.66
294,Warwick,US,2021-04-21 15:04:06,41.7001,-71.4162,68.0,56,20,24.16
295,Olafsvik,IS,2021-04-21 15:04:07,64.8945,-23.7142,41.92,84,100,7.09
296,Lagoa,PT,2021-04-21 15:03:07,39.05,-27.9833,59.22,89,100,16.37
297,Kenai,US,2021-04-21 15:04:07,60.5544,-151.2583,32.0,93,75,3.44
298,Zhigansk,RU,2021-04-21 15:04:08,66.7697,123.3711,-1.25,99,74,3.2
299,Acajutla,SV,2021-04-21 15:04:08,13.5928,-89.8275,75.99,94,100,1.99
300,Ratnagiri,IN,2021-04-21 15:04:09,16.9833,73.3,83.26,71,100,11.27
301,Santa Isabel Do Rio Negro,BR,2021-04-21 15:04:09,-0.4139,-65.0192,83.34,73,86,3.65
302,Aberdeen,GB,2021-04-21 15:04:09,57.1437,-2.0981,53.01,53,43,9.22
303,Andijon,UZ,2021-04-21 15:04:10,40.7821,72.3442,53.01,93,36,21.0
304,Termiz,UZ,2021-04-21 15:04:10,37.2242,67.2783,73.4,21,0,16.11
305,Gariaband,IN,2021-04-21 15:04:11,20.635,82.0614,91.4,62,20,3.44
306,Coihaique,CL,2021-04-21 15:04:11,-45.5752,-72.0662,48.2,87,75,3.44
307,Alekseyevsk,RU,2021-04-21 15:04:11,57.8406,108.3492,15.15,97,100,2.01
308,Horsham,GB,2021-04-21 15:02:55,51.064,-0.3272,57.0,47,20,17.27
309,Fort Nelson,CA,2021-04-21 15:04:12,58.8053,-122.7002,35.6,69,90,16.11
310,Eagle Pass,US,2021-04-21 15:00:02,28.7091,-100.4995,53.01,48,97,4.0
311,Bastia,FR,2021-04-21 15:03:08,42.6667,9.3333,59.0,67,75,12.66
312,Bontang,ID,2021-04-21 15:04:13,0.1333,117.5,79.25,85,61,8.28
313,Salalah,OM,2021-04-21 15:04:13,17.0151,54.0924,84.2,74,75,6.91
314,Tamale,GH,2021-04-21 15:04:14,9.4008,-0.8393,96.57,36,97,7.87
315,Isilkul,RU,2021-04-21 15:04:14,54.9109,71.2728,37.72,54,24,10.33
316,Ballina,AU,2021-04-21 15:04:15,-28.8667,153.5667,60.8,88,40,6.91
317,Nueva Loja,EC,2021-04-21 15:04:15,0.0847,-76.8828,80.6,74,0,2.3
318,Ravar,IR,2021-04-21 15:04:16,31.2656,56.8055,81.68,13,30,6.71
319,Palmer,US,2021-04-21 15:04:16,42.1584,-72.3287,64.99,48,40,10.36
320,Bhatkal,IN,2021-04-21 15:04:17,13.9667,74.5667,83.14,73,58,6.53
321,Carayao,PY,2021-04-21 15:04:17,-25.1833,-56.4,85.96,33,0,8.66
322,Huarmey,PE,2021-04-21 15:04:17,-10.0681,-78.1522,71.78,77,53,7.94
323,Kerman,IR,2021-04-21 14:59:25,30.2832,57.0788,82.4,12,20,11.5
324,Tanout,NE,2021-04-21 15:04:18,14.9709,8.8879,104.32,3,44,9.08
325,Faanui,PF,2021-04-21 15:04:18,-16.4833,-151.75,81.66,73,45,13.2
326,Waitara,NZ,2021-04-21 15:04:19,-38.925,174.25,52.0,89,78,4.0
327,Ler,SS,2021-04-21 15:04:19,8.3018,30.1418,90.81,41,100,7.11
328,Rio Grande,BR,2021-04-21 15:04:19,-32.035,-52.0986,73.0,83,75,17.27
329,Manaure,CO,2021-04-21 15:04:20,11.7751,-72.4445,86.63,48,34,22.26
330,Berlevag,NO,2021-04-21 15:04:20,70.8578,29.0864,44.6,57,0,18.41
331,Jalingo,NG,2021-04-21 15:04:21,8.8833,11.3667,103.23,21,83,5.57
332,Tervel,BG,2021-04-21 15:04:21,43.75,27.4,63.0,47,14,8.01
333,Kieta,PG,2021-04-21 15:04:21,-6.2167,155.6333,78.98,82,66,2.68
334,Comodoro Rivadavia,AR,2021-04-21 15:04:22,-45.8667,-67.5,57.2,77,75,11.5
335,Kanigoro,ID,2021-04-21 15:04:22,-8.13,112.219,72.3,88,8,4.34
336,Tromso,NO,2021-04-21 15:04:23,69.6496,18.957,35.6,75,75,8.05
337,Acapulco,MX,2021-04-21 15:02:57,16.8634,-99.8901,80.6,54,40,4.61
338,Bathsheba,BB,2021-04-21 15:04:23,13.2167,-59.5167,84.2,51,20,20.71
339,Dikson,RU,2021-04-21 15:04:24,73.5069,80.5464,31.57,90,100,22.15
340,Beloha,MG,2021-04-21 15:04:24,-25.1667,45.05,71.58,77,34,16.28
341,Muzhi,RU,2021-04-21 15:04:25,65.3667,64.6667,34.34,97,92,4.74
342,San Quintin,MX,2021-04-21 15:04:25,30.4833,-115.95,57.11,71,91,6.62
343,Bekobod,UZ,2021-04-21 15:04:26,40.2208,69.2697,51.8,71,40,13.42
344,Lodja,CD,2021-04-21 15:04:26,-3.4833,23.4333,76.59,76,100,2.26
345,Dali,CN,2021-04-21 15:04:27,25.7,100.1833,60.64,49,0,6.67
346,Mathbaria,BD,2021-04-21 15:04:27,22.2876,89.9593,80.78,79,98,9.04
347,Penzance,GB,2021-04-21 15:04:28,50.1186,-5.5371,57.2,54,0,23.02
348,Jacqueville,CI,2021-04-21 15:04:28,5.2052,-4.4146,87.8,74,40,11.5
349,Otavi,NA,2021-04-21 15:04:29,-19.65,17.3333,76.95,25,1,9.01
350,Itoman,JP,2021-04-21 15:04:29,26.1247,127.6694,69.8,88,75,14.97
351,Xam Nua,LA,2021-04-21 15:04:29,20.4197,104.0439,70.16,64,31,2.59
352,Ponta Delgada,PT,2021-04-21 15:04:30,37.7333,-25.6667,64.4,88,20,13.8
353,Sinegorye,RU,2021-04-21 15:04:30,62.0788,150.477,21.81,91,88,7.16
354,Privolzhsk,RU,2021-04-21 15:04:31,57.3808,41.2886,38.86,93,100,9.06
355,Ussel,FR,2021-04-21 15:04:31,45.55,2.3167,53.01,80,54,8.99
356,Izumo,JP,2021-04-21 15:04:32,35.3667,132.7667,53.6,76,20,1.14
357,Vestmannaeyjar,IS,2021-04-21 15:04:32,63.4427,-20.2734,42.8,75,20,12.66
358,Beberibe,BR,2021-04-21 15:04:32,-4.1797,-38.1306,87.8,62,20,6.91
359,Mananjary,MG,2021-04-21 15:04:33,-21.2167,48.3333,74.5,82,100,1.45
360,Birao,CF,2021-04-21 15:04:33,10.2849,22.7882,102.07,17,100,4.85
361,Lahad Datu,MY,2021-04-21 15:04:34,5.0268,118.327,76.26,92,72,4.12
362,Kazachinskoye,RU,2021-04-21 15:04:34,57.6953,93.2761,18.93,94,76,1.99
363,Hamilton,US,2021-04-21 15:00:10,39.1834,-84.5333,37.0,75,90,6.91
364,Vao,NC,2021-04-21 15:04:35,-22.6667,167.4833,74.08,69,68,5.1
365,Shingu,JP,2021-04-21 15:04:35,33.7333,135.9833,55.78,58,6,6.98
366,Orocue,CO,2021-04-21 15:00:22,4.7912,-71.3354,83.01,62,98,5.12
367,Kichera,RU,2021-04-21 15:04:36,55.9375,110.0997,14.29,72,55,5.17
368,Sorland,NO,2021-04-21 15:04:37,67.667,12.6934,37.4,56,75,10.36
369,Mae Hong Son,TH,2021-04-21 15:04:37,19.3003,97.9685,80.73,55,1,1.68
370,Freeport,US,2021-04-21 15:02:00,40.6576,-73.5832,57.0,82,90,18.41
371,Maple Creek,CA,2021-04-21 15:04:38,49.9168,-109.4848,41.0,45,29,6.91
372,Riyadh,SA,2021-04-21 15:03:57,24.6877,46.7219,100.4,6,0,2.66
373,Misratah,LY,2021-04-21 15:04:38,32.3754,15.0925,69.84,50,0,19.46
374,Teluk Nibung,ID,2021-04-21 15:04:39,3.001,99.8164,78.91,82,100,3.89
375,Ciudad Bolivar,VE,2021-04-21 15:04:39,8.1222,-63.5497,89.62,41,84,10.27
376,Xichang,CN,2021-04-21 15:04:40,27.8964,102.2634,66.67,35,29,3.04
377,Lovozero,RU,2021-04-21 15:04:40,68.005,35.0117,36.82,99,100,7.72
378,Jati,PK,2021-04-21 15:04:40,24.3539,68.2671,87.12,46,0,17.02
379,Ulaanbaatar,MN,2021-04-21 15:04:41,47.9077,106.8832,39.2,48,0,11.18
380,Manokwari,ID,2021-04-21 15:04:41,-0.8667,134.0833,79.07,81,99,0.92
381,Melnikovo,RU,2021-04-21 15:04:42,56.5558,84.085,30.99,79,100,5.53
382,Sao Joao Da Barra,BR,2021-04-21 15:04:42,-21.6403,-41.0511,78.8,65,40,9.22
383,Katobu,ID,2021-04-21 15:04:42,-4.9408,122.5276,74.5,91,22,2.93
384,Batticaloa,LK,2021-04-21 15:04:43,7.7102,81.6924,82.47,72,100,7.58
385,Waipawa,NZ,2021-04-21 15:04:43,-41.4122,175.5153,57.2,88,40,6.91
386,Jasper,US,2021-04-21 15:01:10,37.2001,-94.3502,45.0,60,1,9.22
387,Aleksandrov Gay,RU,2021-04-21 15:04:44,50.147,48.5704,41.63,93,100,15.46
388,Tilichiki,RU,2021-04-21 15:04:44,60.4667,166.1,16.34,95,94,6.93
389,Tucurui,BR,2021-04-21 15:04:45,-3.7661,-49.6725,81.73,79,71,3.74
390,Ust-Kuyga,RU,2021-04-21 15:04:45,70.0167,135.6,-5.64,95,77,3.2
391,Kalininsk,RU,2021-04-21 15:04:46,51.5,44.4758,50.68,74,78,10.36
392,Nichinan,JP,2021-04-21 15:04:46,31.6,131.3667,58.35,58,14,3.11
393,Prijepolje,RS,2021-04-21 15:04:46,43.3719,19.6406,52.0,43,0,8.05
394,Senador Jose Porfirio,BR,2021-04-21 15:04:47,-2.5908,-51.9542,76.17,88,99,2.71
395,Itarema,BR,2021-04-21 15:04:47,-2.9248,-39.9167,82.38,75,98,4.99
396,Erzin,TR,2021-04-21 15:04:48,36.9559,36.2,66.99,74,11,10.0
397,Antsla,EE,2021-04-21 15:04:48,57.8256,26.5406,53.6,58,0,5.75
398,Kargopol,RU,2021-04-21 15:04:49,61.5071,38.9456,36.07,96,100,11.59
399,Ambilobe,MG,2021-04-21 15:04:49,-13.2,49.05,78.94,69,100,7.27
400,Acarau,BR,2021-04-21 15:04:49,-2.8856,-40.12,82.09,75,96,5.35
401,Sisimiut,GL,2021-04-21 15:04:50,66.9395,-53.6735,30.51,66,1,6.22
402,Arlit,NE,2021-04-21 15:04:50,18.7369,7.3853,107.46,5,2,12.88
403,Shieli,KZ,2021-04-21 15:04:51,44.1667,66.75,50.07,18,0,17.25
404,Lamar,US,2021-04-21 15:04:51,33.6668,-95.5836,50.0,53,1,4.61
405,Okhotsk,RU,2021-04-21 15:04:52,59.3833,143.3,28.47,95,100,1.88
406,Pacific Grove,US,2021-04-21 15:04:52,36.6177,-121.9166,50.0,96,100,4.61
407,Caravelas,BR,2021-04-21 15:04:52,-17.7125,-39.2481,84.2,60,92,4.59
408,El Cobre,CU,2021-04-21 15:04:53,20.0489,-75.9469,84.2,58,20,8.05
409,Eureka,US,2021-04-21 15:00:01,40.8021,-124.1637,48.99,89,16,3.0
410,Mgachi,RU,2021-04-21 15:04:54,51.05,142.2667,26.53,98,16,3.24
411,Mount Isa,AU,2021-04-21 15:04:54,-20.7333,139.5,82.4,20,95,10.36
412,Coffs Harbour,AU,2021-04-21 15:04:54,-30.3,153.1333,52.0,87,0,2.3
413,Turukhansk,RU,2021-04-21 15:04:55,65.8167,87.9833,9.75,95,99,4.07
414,Alvaraes,BR,2021-04-21 15:04:55,-3.2208,-64.8042,82.4,89,40,3.56
415,Nelson,NZ,2021-04-21 15:04:56,-41.2833,173.2833,57.99,91,94,1.99
416,Altagracia De Orituco,VE,2021-04-21 15:04:56,9.8601,-66.3814,88.05,39,7,5.68
417,Lulea,SE,2021-04-21 15:04:57,65.5842,22.1547,42.8,65,0,8.05
418,Asau,RO,2021-04-21 15:04:57,46.4333,26.4,54.0,40,99,3.49
419,Galle,LK,2021-04-21 15:04:58,6.0367,80.217,81.52,76,51,8.28
420,Camacari,BR,2021-04-21 15:01:01,-12.6975,-38.3242,78.8,83,75,8.05
421,Vieste,IT,2021-04-21 15:04:58,41.8825,16.175,60.8,59,20,14.97
422,Nantucket,US,2021-04-21 15:01:30,41.2835,-70.0995,59.0,72,20,19.57
423,Alibag,IN,2021-04-21 15:04:59,18.6411,72.8792,84.2,79,99,8.05
424,Kitimat,CA,2021-04-21 15:04:59,54.0524,-128.6534,35.6,93,40,4.61
425,San Patricio,US,2021-04-21 15:05:00,28.017,-97.5169,60.01,51,20,18.41
426,Kalaleh,IR,2021-04-21 15:05:00,37.3807,55.4916,89.6,48,0,4.61
427,Portland,US,2021-04-21 15:01:46,45.5234,-122.6762,53.01,62,1,1.81
428,Mimongo,GA,2021-04-21 15:05:01,-1.6195,11.6068,79.45,76,100,3.47
429,Placido De Castro,BR,2021-04-21 15:05:01,-10.3353,-67.1856,82.44,77,39,3.33
430,Naryan-Mar,RU,2021-04-21 15:00:18,67.6713,53.087,35.92,98,100,8.84
431,Buritis,BR,2021-04-21 15:05:02,-15.6178,-46.4233,87.75,34,93,1.7
432,Ocampo,MX,2021-04-21 15:05:02,21.65,-101.5,60.22,45,8,5.61
433,Muli,MV,2021-04-21 15:05:03,2.9167,73.5667,83.25,65,44,6.91
434,Qui Nhon,VN,2021-04-21 15:05:03,13.7667,109.2333,78.58,88,100,4.56
435,Biltine,TD,2021-04-21 15:05:04,14.5333,20.9167,105.58,4,28,4.85
436,Mangan,IN,2021-04-21 15:05:04,27.5167,88.5333,67.06,74,100,5.35
437,Shushenskoye,RU,2021-04-21 15:05:04,53.325,91.9356,32.0,43,0,4.47
438,Manama,BH,2021-04-21 15:01:03,26.2154,50.5832,89.6,35,0,5.75
439,Geraldton,AU,2021-04-21 15:05:05,-28.7667,114.6,62.6,88,27,4.61
440,Broome,US,2021-04-21 15:05:05,42.2506,-75.833,36.0,93,90,13.8
441,Snezhnogorsk,RU,2021-04-21 15:05:06,69.1933,33.2531,50.0,27,0,8.95
442,Lowestoft,GB,2021-04-21 15:04:35,52.4752,1.7516,52.0,65,13,7.0
443,Ishigaki,JP,2021-04-21 15:05:07,24.3448,124.1572,74.16,90,100,24.18
444,Santo Augusto,BR,2021-04-21 15:05:07,-27.8508,-53.7772,75.2,53,0,11.5
445,Barguzin,RU,2021-04-21 15:05:07,53.6167,109.6167,21.85,75,85,2.75
446,Gazanjyk,TM,2021-04-21 15:05:08,39.2446,55.5154,81.19,24,38,25.77
447,Zhangye,CN,2021-04-21 15:05:08,38.9342,100.4517,63.0,22,14,6.13
448,Sai Buri,TH,2021-04-21 15:05:09,6.7013,101.6168,80.38,80,10,1.59
449,Kushima,JP,2021-04-21 15:05:09,31.4583,131.2333,57.16,63,12,4.07
450,Oranjestad,AW,2021-04-21 15:05:10,12.524,-70.027,86.0,62,75,26.46
451,Rayong,TH,2021-04-21 15:05:10,12.8333,101.4333,90.0,80,39,4.12
452,Nagato,JP,2021-04-21 15:05:10,34.3833,131.2,62.6,63,0,2.3
453,Rameswaram,IN,2021-04-21 15:05:11,9.2833,79.3,84.72,76,11,16.2
454,Gurupa,BR,2021-04-21 15:05:11,-1.405,-51.64,87.31,56,74,3.42
455,Ewa Beach,US,2021-04-21 15:05:12,21.3156,-158.0072,71.6,77,1,5.75
456,Santa Quiteria Do Maranhao,BR,2021-04-21 15:02:17,-3.5156,-42.5467,84.61,68,100,3.91
457,Powell River,CA,2021-04-21 15:00:24,49.8496,-124.5361,48.99,100,40,2.3
458,Dera Ghazi Khan,PK,2021-04-21 15:02:09,30.0561,70.6348,83.84,25,0,8.75
459,Sur,OM,2021-04-21 15:05:13,22.5667,59.5289,87.21,38,0,5.7
460,Saquarema,BR,2021-04-21 15:05:13,-22.92,-42.5103,75.2,88,40,14.97
461,Broken Hill,AU,2021-04-21 15:05:14,-31.95,141.4333,46.4,46,28,8.81
462,Ustka,PL,2021-04-21 15:05:14,54.5805,16.8619,46.45,77,100,18.79
463,Pulawy,PL,2021-04-21 15:05:14,51.4166,21.9694,64.0,100,87,10.31
464,Plymouth,US,2021-04-21 15:03:01,41.8334,-70.8328,68.0,55,40,18.41
465,Road Town,VG,2021-04-21 15:05:15,18.4167,-64.6167,82.99,69,75,16.11
466,Makokou,GA,2021-04-21 15:05:16,0.5738,12.8642,86.0,62,75,2.62
467,Tazovskiy,RU,2021-04-21 15:05:16,67.4667,78.7,21.52,93,98,12.17
468,Sinnamary,GF,2021-04-21 15:05:16,5.3833,-52.95,80.47,83,50,10.45
469,Smithers,CA,2021-04-21 15:05:17,54.7804,-127.1743,35.6,80,20,3.31
470,Faya,SA,2021-04-21 15:05:17,18.3851,42.4509,78.8,40,40,9.22
471,Sibu,MY,2021-04-21 15:05:18,2.3,111.8167,78.8,83,20,3.44
472,Namatanai,PG,2021-04-21 15:05:18,-3.6667,152.4333,76.8,86,100,2.37
473,Severo-Yeniseyskiy,RU,2021-04-21 15:05:19,60.3725,93.0408,10.49,95,24,2.04
474,Nome,US,2021-04-21 15:05:19,64.5011,-165.4064,19.4,73,1,4.61
475,Sile,TR,2021-04-21 15:05:20,41.1754,29.6133,62.6,42,40,13.8
476,Sao Domingos,BR,2021-04-21 15:05:20,-13.3983,-46.3183,82.2,56,52,4.16
477,Komsomolets,KZ,2021-04-21 15:05:20,53.7453,62.0708,51.26,35,0,2.13
478,Tete,MZ,2021-04-21 15:05:21,-16.1564,33.5867,84.2,48,75,8.05
479,San Pedro,PH,2021-04-21 15:05:21,14.35,121.0167,84.2,79,90,10.36
480,Libreville,GA,2021-04-21 15:02:12,0.3925,9.4537,86.0,79,40,11.5
481,Bemidji,US,2021-04-21 15:05:22,47.4736,-94.8803,36.0,51,90,6.91
482,Bedele,ET,2021-04-21 15:05:22,8.456,36.353,77.25,29,100,3.53
483,Kununurra,AU,2021-04-21 15:05:23,-15.7667,128.7333,69.8,94,1,3.44
484,Bongandanga,CD,2021-04-21 15:05:23,1.5,21.05,78.4,74,100,2.46
485,Pavino,RU,2021-04-21 15:05:23,59.1139,46.1414,35.42,84,100,15.17
486,Aksarayskiy,RU,2021-04-21 15:05:24,46.7924,48.0119,64.4,42,75,6.71
487,Port Lincoln,AU,2021-04-21 15:05:24,-34.7333,135.8667,59.9,67,81,12.3
488,Cascais,PT,2021-04-21 15:01:45,38.6979,-9.4215,60.01,94,75,13.8
489,Kumluca,TR,2021-04-21 15:05:25,36.3703,30.2869,67.08,55,35,5.17
490,Bloomington,US,2021-04-21 15:05:25,44.8408,-93.2983,37.0,44,75,8.05
491,Rincon,US,2021-04-21 15:05:26,32.296,-81.2354,77.0,41,1,14.97
492,Antsohihy,MG,2021-04-21 15:02:09,-14.8796,47.9875,78.26,74,100,4.52
493,Bilibino,RU,2021-04-21 15:05:27,68.0546,166.4372,3.78,90,41,3.78
494,Aguilar,ES,2021-04-21 15:05:27,37.5148,-4.6572,69.01,45,77,3.0
495,Qaqortoq,GL,2021-04-21 15:05:28,60.7167,-46.0333,53.6,24,75,23.02
496,Shenzhen,CN,2021-04-21 15:05:28,22.5455,114.0683,75.99,82,0,5.64
497,Nurota,UZ,2021-04-21 15:05:28,40.5614,65.6886,59.0,31,0,18.41
498,Srednekolymsk,RU,2021-04-21 15:05:29,67.45,153.6833,23.14,81,78,7.96
499,Riverton,US,2021-04-21 15:05:29,40.5219,-111.9391,46.99,52,40,4.61
500,Pingzhuang,CN,2021-04-21 15:05:16,42.0372,119.2889,54.61,37,97,17.87
501,Vostok,RU,2021-04-21 15:05:30,46.4856,135.8833,38.79,43,0,2.8
502,Cabedelo,BR,2021-04-21 15:05:30,-6.9811,-34.8339,86.0,70,40,9.22
503,Kupang,ID,2021-04-21 15:05:31,-10.1667,123.5833,76.08,82,42,7.76
504,Hukuntsi,BW,2021-04-21 15:05:31,-24.0,21.75,75.99,21,0,9.93
505,Kitgum,UG,2021-04-21 15:05:31,3.2783,32.8867,67.28,96,100,1.54
506,Gigmoto,PH,2021-04-21 15:05:32,13.7796,124.39,79.14,88,100,10.07
507,Panaba,MX,2021-04-21 15:05:32,21.2833,-88.2667,84.34,65,36,3.74
508,Xiaoshi,CN,2021-04-21 15:05:33,41.2971,124.1209,57.2,35,0,6.71
509,Salaga,GH,2021-04-21 15:05:33,8.5508,-0.5188,95.32,39,100,6.38
510,Alice Springs,AU,2021-04-21 15:05:34,-23.7,133.8833,53.6,47,3,4.61
511,Ezerelis,LT,2021-04-21 15:05:34,54.8833,23.6167,60.8,29,0,13.8
512,Puerto Maldonado,PE,2021-04-21 15:05:34,-12.6,-69.1833,82.4,78,75,5.75
513,Aktash,RU,2021-04-21 15:05:35,50.3,87.7333,16.54,88,99,5.23
514,Sacramento,US,2021-04-21 15:05:21,38.4666,-121.3177,54.0,93,1,6.91
515,Bukavu,CD,2021-04-21 15:05:35,-2.5083,28.8608,66.92,93,97,2.13
516,Maragogi,BR,2021-04-21 15:03:00,-9.0122,-35.2225,82.2,74,73,9.78
517,Bayevo,RU,2021-04-21 15:05:36,53.2833,80.7667,30.11,72,74,8.88
518,Vieques,PR,2021-04-21 15:05:36,18.425,-65.8329,87.8,51,20,17.27
519,Vangaindrano,MG,2021-04-21 15:03:07,-23.35,47.6,71.35,87,94,3.62
520,Sioux Lookout,CA,2021-04-21 15:05:38,50.1001,-91.917,28.4,46,75,6.91
521,Mayo,US,2021-04-21 15:05:39,38.8876,-76.5119,68.0,52,1,9.22
522,Rawson,AR,2021-04-21 15:05:39,-43.3002,-65.1023,65.64,76,100,22.88
523,Ketchikan,US,2021-04-21 15:05:39,55.3422,-131.6461,46.4,71,40,4.61
524,Santa Rosa,PH,2021-04-21 15:04:02,14.3122,121.1114,84.2,79,90,10.36
525,Demyanovo,RU,2021-04-21 15:05:40,60.3511,47.0842,38.05,85,100,15.57
526,Saint-Raymond,CA,2021-04-21 15:05:40,45.467,-73.6095,30.99,86,100,5.75
527,Kloulklubed,PW,2021-04-21 15:05:41,7.0419,134.2556,77.0,88,75,3.44
528,Korem,ET,2021-04-21 15:05:41,12.5058,39.5228,68.11,26,77,10.87
529,Deputatskiy,RU,2021-04-21 15:05:42,69.3,139.9,6.08,91,100,5.35
530,Yaypan,UZ,2021-04-21 15:05:42,40.3758,70.8156,56.77,54,4,20.87
531,Kutahya,TR,2021-04-21 15:05:42,39.4242,29.9833,61.0,36,40,5.75
532,Carutapera,BR,2021-04-21 15:05:43,-1.195,-46.02,77.38,94,83,9.15
533,Tuatapere,NZ,2021-04-21 15:05:43,-46.1333,167.6833,48.0,97,88,4.0
534,Chapais,CA,2021-04-21 15:05:44,49.7834,-74.8492,17.6,67,90,10.36
535,Riihimaki,FI,2021-04-21 15:05:44,60.7377,24.7773,54.0,39,95,1.01
536,Cockburn Town,TC,2021-04-21 15:05:45,21.4612,-71.1419,79.03,76,60,16.17
537,Margate,GB,2021-04-21 15:05:06,51.3813,1.3862,51.01,64,11,5.01
538,Vemalwada,IN,2021-04-21 15:05:45,18.4667,78.8833,90.18,34,96,7.18
539,Betsiamites,CA,2021-04-21 15:05:46,48.9413,-68.646,41.0,60,90,13.8
540,Batemans Bay,AU,2021-04-21 15:05:46,-35.7167,150.1833,48.99,90,0,1.01
541,Springfield,US,2021-04-21 15:05:46,37.2153,-93.2982,44.6,53,1,13.8
542,Ubata,BR,2021-04-21 15:05:47,-14.2139,-39.5228,87.73,53,83,2.89
543,Abu Dhabi,AE,2021-04-21 15:05:47,24.4667,54.3667,87.8,58,0,8.05
544,Gamboula,CF,2021-04-21 15:05:48,4.1178,15.1393,72.12,92,100,2.37
545,Kalmunai,LK,2021-04-21 15:05:48,7.4167,81.8167,81.77,74,71,6.76
546,Guaratinga,BR,2021-04-21 15:02:43,-16.5667,-39.5667,86.0,58,75,3.44
547,Agadir,MA,2021-04-21 15:05:49,30.4202,-9.5982,75.2,50,0,12.66
548,Veliko Gradiste,RS,2021-04-21 15:05:49,44.7567,21.5136,57.99,60,83,6.02
549,Iqaluit,CA,2021-04-21 15:01:14,63.7506,-68.5145,26.6,93,90,28.77
550,Mount Gambier,AU,2021-04-21 15:05:50,-37.8333,140.7667,50.0,93,75,10.36
551,Inhambane,MZ,2021-04-21 15:05:50,-23.865,35.3833,78.8,61,40,8.01
552,Rio Bueno,CL,2021-04-21 15:03:04,-40.3167,-72.9667,48.2,78,75,2.3
553,Yazman,PK,2021-04-21 15:05:51,29.1212,71.7446,85.24,22,0,7.99
554,Sabha,LY,2021-04-21 15:05:51,27.0377,14.4283,88.09,11,78,18.45
555,Manggar,ID,2021-04-21 15:05:52,-2.8833,108.2667,82.42,69,56,8.81
556,Nelson Bay,AU,2021-04-21 15:05:52,-32.7167,152.15,52.0,100,2,9.22
557,Cumpas,MX,2021-04-21 15:05:53,29.9833,-109.7833,69.73,17,31,5.3
558,Fairbanks,US,2021-04-21 15:05:53,64.8378,-147.7164,27.0,68,1,6.91
559,Anadyr,RU,2021-04-21 15:05:53,64.75,177.4833,8.6,85,20,2.24
560,Nyurba,RU,2021-04-21 15:05:54,63.2842,118.3319,8.08,99,97,2.84
561,Ulladulla,AU,2021-04-21 15:05:54,-35.35,150.4667,50.0,93,1,5.75
562,Dinan,FR,2021-04-21 15:05:55,48.4167,-2.25,64.99,55,0,8.05
563,Ondjiva,AO,2021-04-21 15:05:55,-17.0667,15.7333,86.0,32,0,11.5
564,Trelew,AR,2021-04-21 15:05:56,-43.249,-65.3051,66.33,74,99,21.23
565,Posse,BR,2021-04-21 15:05:18,-14.0931,-46.3694,81.61,52,92,3.24
566,Manbij,SY,2021-04-21 15:05:56,36.5281,37.9549,75.2,35,0,4.61
567,Aykhal,RU,2021-04-21 15:05:57,66.0,111.5,0.75,92,81,4.41
568,Chake Chake,TZ,2021-04-21 15:02:15,-5.2459,39.7666,78.96,82,90,12.37
569,Ardakan,IR,2021-04-21 15:05:57,32.31,54.0175,87.8,11,75,6.91
570,Samana,DO,2021-04-21 15:03:32,19.2056,-69.3369,84.2,70,40,11.5
571,Sanbu,CN,2021-04-21 15:05:58,33.4594,119.1453,58.68,95,100,8.19
572,Roald,NO,2021-04-21 15:05:58,62.5833,6.1333,44.6,65,75,13.8
573,Oktyabrskoye,RU,2021-04-21 15:05:59,43.0645,44.7417,57.2,62,90,11.18
574,Novouzensk,RU,2021-04-21 15:05:59,50.4592,48.1431,40.93,93,100,14.83
575,Kirakira,SB,2021-04-21 15:06:00,-10.4544,161.9205,79.56,86,65,5.91
576,Nuuk,GL,2021-04-21 15:06:00,64.1835,-51.7216,32.0,64,1,19.57
